filename,record_id,label,predicted_label
38996698_307921649968518_77529055955517440_n.jpg,1853907471238459135,0,0
39763838_2013752995334492_6026328360307654656_n.jpg,1855046697716021433,0,0
39336102_1917296811659994_7896219064392770219_n.jpg,1852379085819211011,0,0
38803948_2181725378761283_5874634801222254592_n.jpg,1852732123153293940,0,0
39100754_1947549882212112_4052821742840709120_n.jpg,1850782436733334281,0,1
40092154_2171536229838011_4987697065023766528_n.jpg,1854917891780848197,0,0
39232779_2140990119483719_8959879568521428992_n.jpg,1852189404292910807,0,1
39096012_532089587216759_3060252498632638464_n.jpg,1855078663471271738,0,0
39168705_522874018177808_6062386479068348416_n.jpg,1854314977332906761,0,1
38989742_2186390528311834_5361558394086463182_n.jpg,1853673821108567315,0,0
39002223_296141161163040_6037944232503672832_n.jpg,1850776753326546322,0,0
39199919_1577043595733420_8408115226062356480_n.jpg,1850852346362287913,0,1
39578088_2141751729370074_5743761486946238464_n.jpg,1853461046455562611,0,0
39598375_1802358593181261_4814396238436761600_n.jpg,1855177651268310332,0,0
38931043_282799438989353_8804605870726971392_n.jpg,1851288281684027131,0,1
39809477_925464760975925_8358097373316653940_n.jpg,1853040190797618073,0,0
39392437_1855433301206753_3077607271769833472_n.jpg,1852349927688986749,0,0
39091593_2191964294372339_748669772433981440_n.jpg,1852047998599569906,0,0
39604619_2218984491448986_3945997664146948096_n.jpg,1851534321896954865,0,0
39391289_303488747124681_4191420685374980096_n.jpg,1852051309467731242,0,0
39851009_258063608370030_1983295779942432768_n.jpg,1854415170161643747,0,1
38934837_544680209282886_8523134090620887271_n.jpg,1850954335141174942,0,1
39991006_472180219962850_7601786252118982656_n.jpg,1855194071632941154,0,0
39017380_491834734621679_5536168980043005952_n.jpg,1853556156920894517,0,1
39928567_2025694197741778_2817802553157661723_n.jpg,1855207036881438796,0,0
39226646_1792661450851874_8522777383848116224_n.jpg,1853745981961348078,0,1
39061589_530258890744698_7615918923610849280_n.jpg,1853880897158350981,0,1
39372363_279004686263164_8561472037002936320_n.jpg,1854308803467919512,0,1
39051605_328770064359374_6583309408699154432_n.jpg,1852827220123293110,0,0
39007042_1098730036961174_8457817205711652878_n.jpg,1851680000527250156,0,0
39741889_221235732076776_1409930565188059136_n.jpg,1853635147150067689,0,0
37921380_267107630787910_4491285621125414912_n.jpg,1851661404491675246,0,1
39918980_347686485772990_2399007073271545856_n.jpg,1850742054578376710,0,0
40104017_739359253122887_4805401799529857024_n.jpg,1855025838594897027,0,1
38835536_239392516777735_5771588674546302976_n.jpg,1851488926759760349,0,1
39178641_216471802555024_1163667091874643968_n.jpg,1854199956003101628,0,0
38792559_239683846691965_7792221086095805510_n.jpg,1852800830677712155,0,1
38854436_158124208394414_3232587163736473600_n.jpg,1851067768684594256,0,0
39119199_232766184070799_6481362295434772480_n.jpg,1853624026640041188,0,1
38911299_283233268937628_7418824802837725184_n.jpg,1852397368889920061,0,0
39092993_336371350439907_659244138104881152_n.jpg,1853081655118217501,0,1
39094842_250357222175528_894792177434491850_n.jpg,1850871543087618900,0,0
38860491_597428630651403_6027343862375120896_n.jpg,1851368294339305860,0,0
39323085_2099349956997170_7102400964274946048_n.jpg,1852303433569087312,0,1
39157404_1057217771114951_3144189551304507392_n.jpg,1850819990987532223,0,0
39269283_291368048323972_322767488079101952_n.jpg,1854745249269948871,0,1
39573201_475483916264791_766085791804817408_n.jpg,1854254598252995134,0,0
38882782_236386617021560_5459332672247562240_n.jpg,1852010195153209422,0,0
39342350_596871297375343_403286726035898368_n.jpg,1854497699744674886,0,0
39930985_281861379296682_7918240481870348288_n.jpg,1853751051733442747,0,1
39990138_976055739232702_4652132193605255168_n.jpg,1853154157521636004,0,0
37517875_517464028707090_4877494440500920320_n.jpg,1852367340945347739,0,0
38938396_347317249169886_2932171278171242496_n.jpg,1853080770699062163,0,0
39385065_879510518894682_1901703410046992384_n.jpg,1853493578560393399,0,0
37970498_546100965840284_9107222798182383616_n.jpg,1851623559237817591,0,0
39272026_2228676887343794_2961399535642869760_n.jpg,1851386888353291910,1,1
39040069_983988018447482_4503421785659670528_n.jpg,1850884349522504506,1,1
38920099_2116095108630286_7324667647851757568_n.jpg,1853397413780299985,1,1
39378599_1957526367633568_739645595173519360_n.jpg,1853024896679236289,1,1
39310468_875140992690557_8662552365737443328_n.jpg,1855176483574556500,1,1
39336855_1791150287648722_8613791730874974208_n.jpg,1855167582915615872,1,0
39364470_1902502406721844_2064528442031865856_n.jpg,1853147232977319082,1,0
39147945_2279181265651491_3645554076042657792_n.jpg,1852796065368304662,1,0
38871469_893314274211508_8551498079264571392_n.jpg,1850906389046488032,1,0
39724085_723638994642940_6199720845791723520_n.jpg,1853090967999968023,1,1
39984429_1846730992083663_6110031740988817408_n.jpg,1852874678656210193,1,0
39364491_314794352431234_2370010872882921472_n.jpg,1854787807638675647,1,0
39902751_451738601985784_6476962290418581504_n.jpg,1853110495813401022,1,1
39975176_258268844802364_7377336836097572864_n.jpg,1852320632522308977,1,1
38097205_2217996134909292_9222562121986867200_n.jpg,1842205745028688217,1,0
39238605_2133945243539883_7666761084308553728_n.jpg,1852326586286438996,1,0
39075480_1917248621911223_8518237783804870656_n.jpg,1853386232069787884,1,0
39269283_2158679977738732_7473738893179748352_n.jpg,1850862818950435970,1,0
39272025_2153941688192795_485868643511435264_n.jpg,1851374155568704019,1,0
39371745_1879105248805938_6366169021993189376_n.jpg,1853779364199801963,1,1
39386882_459308197911710_3125957024290963456_n.jpg,1853033174054980018,1,0
38776809_2190213587675440_1173963386908573696_n.jpg,1851340042750689712,1,1
39882980_669910833387724_1154465313421524992_n.jpg,1852238099843492857,1,1
39044630_135178817416719_8545453411666040085_n.jpg,1851718366134601785,1,1
39715827_329131217631253_7633397318791725056_n.jpg,1853720204220255005,1,1
39835957_2042453099398923_5855973645062504448_n.jpg,1852731831223304750,1,1
39192414_1855692871145104_2827159186050121728_n.jpg,1851568911162565514,1,1
39400565_2145822319073330_7701035855338536960_n.jpg,1854351721054589378,1,0
38996712_287330688528627_8253448231053164544_n.jpg,1852045283175640336,1,0
39022312_2137522666507125_6855489487770746880_n.jpg,1850951458216867579,1,1
37535930_1938003336238711_2381664051164872704_n.jpg,1854947083614953048,1,1
39525703_2060976730881710_2452308317494575104_n.jpg,1854322050380724484,1,1
40079356_1885195074881323_6720283706839269376_n.jpg,1854301051505504854,1,0
39330460_450059662167972_1583410715249606656_n.jpg,1852761942155611936,1,0
40071827_312543396174592_8895864403824476160_n.jpg,1853682616109305575,1,1
39192420_396636850867726_4986643333452398592_n.jpg,1852096433106497734,1,1
38989714_335159500360068_1581850095932932096_n.jpg,1851991391694125960,1,0
